orig_path,png_path,side,rel_path,status
/Users/f0018fb/iec/output/seg/group_share_density_urban.pdf,/Users/f0018fb/Dropbox/tmp/segdata/out-fixed/comparison/master__group_share_density_urban.png,master,group_share_density_urban.pdf,ok
/Users/f0018fb/Dropbox/tmp/segdata/out-fixed/group_share_density_urban.pdf,/Users/f0018fb/Dropbox/tmp/segdata/out-fixed/comparison/outfixed__group_share_density_urban.png,out_fixed,group_share_density_urban.pdf,ok
/Users/f0018fb/iec/output/seg/group_share_density_rural.pdf,/Users/f0018fb/Dropbox/tmp/segdata/out-fixed/comparison/master__group_share_density_rural.png,master,group_share_density_rural.pdf,ok
/Users/f0018fb/Dropbox/tmp/segdata/out-fixed/group_share_density_rural.pdf,/Users/f0018fb/Dropbox/tmp/segdata/out-fixed/comparison/outfixed__group_share_density_rural.png,out_fixed,group_share_density_rural.pdf,ok
/Users/f0018fb/iec/output/seg/seg_compare_dissim.pdf,/Users/f0018fb/Dropbox/tmp/segdata/out-fixed/comparison/master__seg_compare_dissim.png,master,seg_compare_dissim.pdf,ok
/Users/f0018fb/Dropbox/tmp/segdata/out-fixed/seg_compare_dissim.pdf,/Users/f0018fb/Dropbox/tmp/segdata/out-fixed/comparison/outfixed__seg_compare_dissim.png,out_fixed,seg_compare_dissim.pdf,ok
/Users/f0018fb/iec/output/seg/seg_compare_iso.pdf,/Users/f0018fb/Dropbox/tmp/segdata/out-fixed/comparison/master__seg_compare_iso.png,master,seg_compare_iso.pdf,ok
/Users/f0018fb/Dropbox/tmp/segdata/out-fixed/seg_compare_iso.pdf,/Users/f0018fb/Dropbox/tmp/segdata/out-fixed/comparison/outfixed__seg_compare_iso.png,out_fixed,seg_compare_iso.pdf,ok
/Users/f0018fb/iec/output/seg/bin_seg_muslim_urban_rural_corr_200.pdf,/Users/f0018fb/Dropbox/tmp/segdata/out-fixed/comparison/master__bin_seg_muslim_urban_rural_corr_200.png,master,bin_seg_muslim_urban_rural_corr_200.pdf,ok
/Users/f0018fb/Dropbox/tmp/segdata/out-fixed/bin_seg_muslim_urban_rural_corr_200.pdf,/Users/f0018fb/Dropbox/tmp/segdata/out-fixed/comparison/outfixed__bin_seg_muslim_urban_rural_corr_200.png,out_fixed,bin_seg_muslim_urban_rural_corr_200.pdf,ok
/Users/f0018fb/iec/output/seg/bin_seg_sc_urban_rural_corr_200.pdf,/Users/f0018fb/Dropbox/tmp/segdata/out-fixed/comparison/master__bin_seg_sc_urban_rural_corr_200.png,master,bin_seg_sc_urban_rural_corr_200.pdf,ok
/Users/f0018fb/Dropbox/tmp/segdata/out-fixed/bin_seg_sc_urban_rural_corr_200.pdf,/Users/f0018fb/Dropbox/tmp/segdata/out-fixed/comparison/outfixed__bin_seg_sc_urban_rural_corr_200.png,out_fixed,bin_seg_sc_urban_rural_corr_200.pdf,ok
/Users/f0018fb/iec/output/seg/bin_iso_muslim_urban_rural_corr_200.pdf,/Users/f0018fb/Dropbox/tmp/segdata/out-fixed/comparison/master__bin_iso_muslim_urban_rural_corr_200.png,master,bin_iso_muslim_urban_rural_corr_200.pdf,ok
/Users/f0018fb/Dropbox/tmp/segdata/out-fixed/bin_iso_muslim_urban_rural_corr_200.pdf,/Users/f0018fb/Dropbox/tmp/segdata/out-fixed/comparison/outfixed__bin_iso_muslim_urban_rural_corr_200.png,out_fixed,bin_iso_muslim_urban_rural_corr_200.pdf,ok
/Users/f0018fb/iec/output/seg/bin_iso_sc_urban_rural_corr_200.pdf,/Users/f0018fb/Dropbox/tmp/segdata/out-fixed/comparison/master__bin_iso_sc_urban_rural_corr_200.png,master,bin_iso_sc_urban_rural_corr_200.pdf,ok
/Users/f0018fb/Dropbox/tmp/segdata/out-fixed/bin_iso_sc_urban_rural_corr_200.pdf,/Users/f0018fb/Dropbox/tmp/segdata/out-fixed/comparison/outfixed__bin_iso_sc_urban_rural_corr_200.png,out_fixed,bin_iso_sc_urban_rural_corr_200.pdf,ok
/Users/f0018fb/iec/output/seg/coefplot_std_joint.pdf,/Users/f0018fb/Dropbox/tmp/segdata/out-fixed/comparison/master__coefplot_std_joint.png,master,coefplot_std_joint.pdf,ok
/Users/f0018fb/Dropbox/tmp/segdata/out-fixed/coefplot_std_joint.pdf,/Users/f0018fb/Dropbox/tmp/segdata/out-fixed/comparison/outfixed__coefplot_std_joint.png,out_fixed,coefplot_std_joint.pdf,ok
/Users/f0018fb/iec/output/seg/block_secondary_by_mus_dum_cfe_urban_200_pub.pdf,/Users/f0018fb/Dropbox/tmp/segdata/out-fixed/comparison/master__block_secondary_by_mus_dum_cfe_urban_200_pub.png,master,block_secondary_by_mus_dum_cfe_urban_200_pub.pdf,ok
/Users/f0018fb/Dropbox/tmp/segdata/out-fixed/block_secondary_by_mus_dum_cfe_urban_200_pub.pdf,/Users/f0018fb/Dropbox/tmp/segdata/out-fixed/comparison/outfixed__block_secondary_by_mus_dum_cfe_urban_200_pub.png,out_fixed,block_secondary_by_mus_dum_cfe_urban_200_pub.pdf,ok
/Users/f0018fb/iec/output/seg/block_secondary_by_sc_dum_cfe_urban_200_pub.pdf,/Users/f0018fb/Dropbox/tmp/segdata/out-fixed/comparison/master__block_secondary_by_sc_dum_cfe_urban_200_pub.png,master,block_secondary_by_sc_dum_cfe_urban_200_pub.pdf,ok
/Users/f0018fb/Dropbox/tmp/segdata/out-fixed/block_secondary_by_sc_dum_cfe_urban_200_pub.pdf,/Users/f0018fb/Dropbox/tmp/segdata/out-fixed/comparison/outfixed__block_secondary_by_sc_dum_cfe_urban_200_pub.png,out_fixed,block_secondary_by_sc_dum_cfe_urban_200_pub.pdf,ok
/Users/f0018fb/iec/output/seg/block_secondary_by_mus_dum_cfe_rural_200_pub.pdf,/Users/f0018fb/Dropbox/tmp/segdata/out-fixed/comparison/master__block_secondary_by_mus_dum_cfe_rural_200_pub.png,master,block_secondary_by_mus_dum_cfe_rural_200_pub.pdf,ok
/Users/f0018fb/Dropbox/tmp/segdata/out-fixed/block_secondary_by_mus_dum_cfe_rural_200_pub.pdf,/Users/f0018fb/Dropbox/tmp/segdata/out-fixed/comparison/outfixed__block_secondary_by_mus_dum_cfe_rural_200_pub.png,out_fixed,block_secondary_by_mus_dum_cfe_rural_200_pub.pdf,ok
/Users/f0018fb/iec/output/seg/block_secondary_by_sc_dum_cfe_rural_200_pub.pdf,/Users/f0018fb/Dropbox/tmp/segdata/out-fixed/comparison/master__block_secondary_by_sc_dum_cfe_rural_200_pub.png,master,block_secondary_by_sc_dum_cfe_rural_200_pub.pdf,ok
/Users/f0018fb/Dropbox/tmp/segdata/out-fixed/block_secondary_by_sc_dum_cfe_rural_200_pub.pdf,/Users/f0018fb/Dropbox/tmp/segdata/out-fixed/comparison/outfixed__block_secondary_by_sc_dum_cfe_rural_200_pub.png,out_fixed,block_secondary_by_sc_dum_cfe_rural_200_pub.pdf,ok
/Users/f0018fb/iec/output/seg/pe_pub_urban_muslim_primary_all.pdf,/Users/f0018fb/Dropbox/tmp/segdata/out-fixed/comparison/master__pe_pub_urban_muslim_primary_all.png,master,pe_pub_urban_muslim_primary_all.pdf,ok
/Users/f0018fb/Dropbox/tmp/segdata/out-fixed/pe_pub_urban_muslim_primary_all.pdf,/Users/f0018fb/Dropbox/tmp/segdata/out-fixed/comparison/outfixed__pe_pub_urban_muslim_primary_all.png,out_fixed,pe_pub_urban_muslim_primary_all.pdf,ok
/Users/f0018fb/iec/output/seg/pe_pub_rural_muslim_primary_all.pdf,/Users/f0018fb/Dropbox/tmp/segdata/out-fixed/comparison/master__pe_pub_rural_muslim_primary_all.png,master,pe_pub_rural_muslim_primary_all.pdf,ok
/Users/f0018fb/Dropbox/tmp/segdata/out-fixed/pe_pub_rural_muslim_primary_all.pdf,/Users/f0018fb/Dropbox/tmp/segdata/out-fixed/comparison/outfixed__pe_pub_rural_muslim_primary_all.png,out_fixed,pe_pub_rural_muslim_primary_all.pdf,ok
/Users/f0018fb/iec/output/seg/pe_pub_urban_muslim_secondary_all.pdf,/Users/f0018fb/Dropbox/tmp/segdata/out-fixed/comparison/master__pe_pub_urban_muslim_secondary_all.png,master,pe_pub_urban_muslim_secondary_all.pdf,ok
/Users/f0018fb/Dropbox/tmp/segdata/out-fixed/pe_pub_urban_muslim_secondary_all.pdf,/Users/f0018fb/Dropbox/tmp/segdata/out-fixed/comparison/outfixed__pe_pub_urban_muslim_secondary_all.png,out_fixed,pe_pub_urban_muslim_secondary_all.pdf,ok
/Users/f0018fb/iec/output/seg/pe_pub_rural_muslim_secondary_all.pdf,/Users/f0018fb/Dropbox/tmp/segdata/out-fixed/comparison/master__pe_pub_rural_muslim_secondary_all.png,master,pe_pub_rural_muslim_secondary_all.pdf,ok
/Users/f0018fb/Dropbox/tmp/segdata/out-fixed/pe_pub_rural_muslim_secondary_all.pdf,/Users/f0018fb/Dropbox/tmp/segdata/out-fixed/comparison/outfixed__pe_pub_rural_muslim_secondary_all.png,out_fixed,pe_pub_rural_muslim_secondary_all.pdf,ok
/Users/f0018fb/iec/output/seg/pe_pub_urban_muslim_hospital_all.pdf,/Users/f0018fb/Dropbox/tmp/segdata/out-fixed/comparison/master__pe_pub_urban_muslim_hospital_all.png,master,pe_pub_urban_muslim_hospital_all.pdf,ok
/Users/f0018fb/Dropbox/tmp/segdata/out-fixed/pe_pub_urban_muslim_hospital_all.pdf,/Users/f0018fb/Dropbox/tmp/segdata/out-fixed/comparison/outfixed__pe_pub_urban_muslim_hospital_all.png,out_fixed,pe_pub_urban_muslim_hospital_all.pdf,ok
/Users/f0018fb/iec/output/seg/pe_pub_rural_muslim_hospital_all.pdf,/Users/f0018fb/Dropbox/tmp/segdata/out-fixed/comparison/master__pe_pub_rural_muslim_hospital_all.png,master,pe_pub_rural_muslim_hospital_all.pdf,ok
/Users/f0018fb/Dropbox/tmp/segdata/out-fixed/pe_pub_rural_muslim_hospital_all.pdf,/Users/f0018fb/Dropbox/tmp/segdata/out-fixed/comparison/outfixed__pe_pub_rural_muslim_hospital_all.png,out_fixed,pe_pub_rural_muslim_hospital_all.pdf,ok
/Users/f0018fb/iec/output/seg/pe_pub_urban_sc_primary_all.pdf,/Users/f0018fb/Dropbox/tmp/segdata/out-fixed/comparison/master__pe_pub_urban_sc_primary_all.png,master,pe_pub_urban_sc_primary_all.pdf,ok
/Users/f0018fb/Dropbox/tmp/segdata/out-fixed/pe_pub_urban_sc_primary_all.pdf,/Users/f0018fb/Dropbox/tmp/segdata/out-fixed/comparison/outfixed__pe_pub_urban_sc_primary_all.png,out_fixed,pe_pub_urban_sc_primary_all.pdf,ok
/Users/f0018fb/iec/output/seg/pe_pub_rural_sc_primary_all.pdf,/Users/f0018fb/Dropbox/tmp/segdata/out-fixed/comparison/master__pe_pub_rural_sc_primary_all.png,master,pe_pub_rural_sc_primary_all.pdf,ok
/Users/f0018fb/Dropbox/tmp/segdata/out-fixed/pe_pub_rural_sc_primary_all.pdf,/Users/f0018fb/Dropbox/tmp/segdata/out-fixed/comparison/outfixed__pe_pub_rural_sc_primary_all.png,out_fixed,pe_pub_rural_sc_primary_all.pdf,ok
/Users/f0018fb/iec/output/seg/pe_pub_urban_sc_secondary_all.pdf,/Users/f0018fb/Dropbox/tmp/segdata/out-fixed/comparison/master__pe_pub_urban_sc_secondary_all.png,master,pe_pub_urban_sc_secondary_all.pdf,ok
/Users/f0018fb/Dropbox/tmp/segdata/out-fixed/pe_pub_urban_sc_secondary_all.pdf,/Users/f0018fb/Dropbox/tmp/segdata/out-fixed/comparison/outfixed__pe_pub_urban_sc_secondary_all.png,out_fixed,pe_pub_urban_sc_secondary_all.pdf,ok
/Users/f0018fb/iec/output/seg/pe_pub_rural_sc_secondary_all.pdf,/Users/f0018fb/Dropbox/tmp/segdata/out-fixed/comparison/master__pe_pub_rural_sc_secondary_all.png,master,pe_pub_rural_sc_secondary_all.pdf,ok
/Users/f0018fb/Dropbox/tmp/segdata/out-fixed/pe_pub_rural_sc_secondary_all.pdf,/Users/f0018fb/Dropbox/tmp/segdata/out-fixed/comparison/outfixed__pe_pub_rural_sc_secondary_all.png,out_fixed,pe_pub_rural_sc_secondary_all.pdf,ok
/Users/f0018fb/iec/output/seg/pe_pub_urban_sc_hospital_all.pdf,/Users/f0018fb/Dropbox/tmp/segdata/out-fixed/comparison/master__pe_pub_urban_sc_hospital_all.png,master,pe_pub_urban_sc_hospital_all.pdf,ok
/Users/f0018fb/Dropbox/tmp/segdata/out-fixed/pe_pub_urban_sc_hospital_all.pdf,/Users/f0018fb/Dropbox/tmp/segdata/out-fixed/comparison/outfixed__pe_pub_urban_sc_hospital_all.png,out_fixed,pe_pub_urban_sc_hospital_all.pdf,ok
/Users/f0018fb/iec/output/seg/pe_pub_rural_sc_hospital_all.pdf,/Users/f0018fb/Dropbox/tmp/segdata/out-fixed/comparison/master__pe_pub_rural_sc_hospital_all.png,master,pe_pub_rural_sc_hospital_all.pdf,ok
/Users/f0018fb/Dropbox/tmp/segdata/out-fixed/pe_pub_rural_sc_hospital_all.pdf,/Users/f0018fb/Dropbox/tmp/segdata/out-fixed/comparison/outfixed__pe_pub_rural_sc_hospital_all.png,out_fixed,pe_pub_rural_sc_hospital_all.pdf,ok
/Users/f0018fb/iec/output/seg/pe_urban_muslim_light_source_elec_all.pdf,/Users/f0018fb/Dropbox/tmp/segdata/out-fixed/comparison/master__pe_urban_muslim_light_source_elec_all.png,master,pe_urban_muslim_light_source_elec_all.pdf,ok
/Users/f0018fb/Dropbox/tmp/segdata/out-fixed/pe_urban_muslim_light_source_elec_all.pdf,/Users/f0018fb/Dropbox/tmp/segdata/out-fixed/comparison/outfixed__pe_urban_muslim_light_source_elec_all.png,out_fixed,pe_urban_muslim_light_source_elec_all.pdf,ok
/Users/f0018fb/iec/output/seg/pe_urban_sc_light_source_elec_all.pdf,/Users/f0018fb/Dropbox/tmp/segdata/out-fixed/comparison/master__pe_urban_sc_light_source_elec_all.png,master,pe_urban_sc_light_source_elec_all.pdf,ok
/Users/f0018fb/Dropbox/tmp/segdata/out-fixed/pe_urban_sc_light_source_elec_all.pdf,/Users/f0018fb/Dropbox/tmp/segdata/out-fixed/comparison/outfixed__pe_urban_sc_light_source_elec_all.png,out_fixed,pe_urban_sc_light_source_elec_all.pdf,ok
/Users/f0018fb/iec/output/seg/pe_urban_muslim_wat_source_home_all.pdf,/Users/f0018fb/Dropbox/tmp/segdata/out-fixed/comparison/master__pe_urban_muslim_wat_source_home_all.png,master,pe_urban_muslim_wat_source_home_all.pdf,ok
/Users/f0018fb/Dropbox/tmp/segdata/out-fixed/pe_urban_muslim_wat_source_home_all.pdf,/Users/f0018fb/Dropbox/tmp/segdata/out-fixed/comparison/outfixed__pe_urban_muslim_wat_source_home_all.png,out_fixed,pe_urban_muslim_wat_source_home_all.pdf,ok
/Users/f0018fb/iec/output/seg/pe_urban_sc_wat_source_home_all.pdf,/Users/f0018fb/Dropbox/tmp/segdata/out-fixed/comparison/master__pe_urban_sc_wat_source_home_all.png,master,pe_urban_sc_wat_source_home_all.pdf,ok
/Users/f0018fb/Dropbox/tmp/segdata/out-fixed/pe_urban_sc_wat_source_home_all.pdf,/Users/f0018fb/Dropbox/tmp/segdata/out-fixed/comparison/outfixed__pe_urban_sc_wat_source_home_all.png,out_fixed,pe_urban_sc_wat_source_home_all.pdf,ok
/Users/f0018fb/iec/output/seg/pe_urban_muslim_closed_drain_all.pdf,/Users/f0018fb/Dropbox/tmp/segdata/out-fixed/comparison/master__pe_urban_muslim_closed_drain_all.png,master,pe_urban_muslim_closed_drain_all.pdf,ok
/Users/f0018fb/Dropbox/tmp/segdata/out-fixed/pe_urban_muslim_closed_drain_all.pdf,/Users/f0018fb/Dropbox/tmp/segdata/out-fixed/comparison/outfixed__pe_urban_muslim_closed_drain_all.png,out_fixed,pe_urban_muslim_closed_drain_all.pdf,ok
/Users/f0018fb/iec/output/seg/pe_urban_sc_closed_drain_all.pdf,/Users/f0018fb/Dropbox/tmp/segdata/out-fixed/comparison/master__pe_urban_sc_closed_drain_all.png,master,pe_urban_sc_closed_drain_all.pdf,ok
/Users/f0018fb/Dropbox/tmp/segdata/out-fixed/pe_urban_sc_closed_drain_all.pdf,/Users/f0018fb/Dropbox/tmp/segdata/out-fixed/comparison/outfixed__pe_urban_sc_closed_drain_all.png,out_fixed,pe_urban_sc_closed_drain_all.pdf,ok
/Users/f0018fb/iec/output/seg/block_pop_hist_200.pdf,/Users/f0018fb/Dropbox/tmp/segdata/out-fixed/comparison/master__block_pop_hist_200.png,master,block_pop_hist_200.pdf,ok
/Users/f0018fb/Dropbox/tmp/segdata/out-fixed/block_pop_hist_200.pdf,/Users/f0018fb/Dropbox/tmp/segdata/out-fixed/comparison/outfixed__block_pop_hist_200.png,out_fixed,block_pop_hist_200.pdf,ok
/Users/f0018fb/iec/output/seg/city_share_muslim_pc_classify_urban_nofe.pdf,/Users/f0018fb/Dropbox/tmp/segdata/out-fixed/comparison/master__city_share_muslim_pc_classify_urban_nofe.png,master,city_share_muslim_pc_classify_urban_nofe.pdf,ok
/Users/f0018fb/Dropbox/tmp/segdata/out-fixed/city_share_muslim_pc_classify_urban_nofe.pdf,/Users/f0018fb/Dropbox/tmp/segdata/out-fixed/comparison/outfixed__city_share_muslim_pc_classify_urban_nofe.png,out_fixed,city_share_muslim_pc_classify_urban_nofe.pdf,ok
/Users/f0018fb/iec/output/seg/india_segregation_sc_urban.png,/Users/f0018fb/Dropbox/tmp/segdata/out-fixed/comparison/master__india_segregation_sc_urban.png,master,india_segregation_sc_urban.png,ok
/Users/f0018fb/Dropbox/tmp/segdata/out-fixed/india_segregation_sc_urban.png,/Users/f0018fb/Dropbox/tmp/segdata/out-fixed/comparison/outfixed__india_segregation_sc_urban.png,out_fixed,india_segregation_sc_urban.png,ok
/Users/f0018fb/iec/output/seg/india_segregation_muslim_urban.png,/Users/f0018fb/Dropbox/tmp/segdata/out-fixed/comparison/master__india_segregation_muslim_urban.png,master,india_segregation_muslim_urban.png,ok
/Users/f0018fb/Dropbox/tmp/segdata/out-fixed/india_segregation_muslim_urban.png,/Users/f0018fb/Dropbox/tmp/segdata/out-fixed/comparison/outfixed__india_segregation_muslim_urban.png,out_fixed,india_segregation_muslim_urban.png,ok
/Users/f0018fb/iec/output/seg/india_segregation_sc_rural.png,/Users/f0018fb/Dropbox/tmp/segdata/out-fixed/comparison/master__india_segregation_sc_rural.png,master,india_segregation_sc_rural.png,ok
/Users/f0018fb/Dropbox/tmp/segdata/out-fixed/india_segregation_sc_rural.png,/Users/f0018fb/Dropbox/tmp/segdata/out-fixed/comparison/outfixed__india_segregation_sc_rural.png,out_fixed,india_segregation_sc_rural.png,ok
/Users/f0018fb/iec/output/seg/india_segregation_muslim_rural.png,/Users/f0018fb/Dropbox/tmp/segdata/out-fixed/comparison/master__india_segregation_muslim_rural.png,master,india_segregation_muslim_rural.png,ok
/Users/f0018fb/Dropbox/tmp/segdata/out-fixed/india_segregation_muslim_rural.png,/Users/f0018fb/Dropbox/tmp/segdata/out-fixed/comparison/outfixed__india_segregation_muslim_rural.png,out_fixed,india_segregation_muslim_rural.png,ok
/Users/f0018fb/iec/output/seg/bin_dissim_muslim_ln_cons_pc.pdf,/Users/f0018fb/Dropbox/tmp/segdata/out-fixed/comparison/master__bin_dissim_muslim_ln_cons_pc.png,master,bin_dissim_muslim_ln_cons_pc.pdf,ok
/Users/f0018fb/Dropbox/tmp/segdata/out-fixed/bin_dissim_muslim_ln_cons_pc.pdf,/Users/f0018fb/Dropbox/tmp/segdata/out-fixed/comparison/outfixed__bin_dissim_muslim_ln_cons_pc.png,out_fixed,bin_dissim_muslim_ln_cons_pc.pdf,ok
/Users/f0018fb/iec/output/seg/bin_dissim_sc_ln_cons_pc.pdf,/Users/f0018fb/Dropbox/tmp/segdata/out-fixed/comparison/master__bin_dissim_sc_ln_cons_pc.png,master,bin_dissim_sc_ln_cons_pc.pdf,ok
/Users/f0018fb/Dropbox/tmp/segdata/out-fixed/bin_dissim_sc_ln_cons_pc.pdf,/Users/f0018fb/Dropbox/tmp/segdata/out-fixed/comparison/outfixed__bin_dissim_sc_ln_cons_pc.png,out_fixed,bin_dissim_sc_ln_cons_pc.pdf,ok
/Users/f0018fb/iec/output/seg/bin_dissim_muslim_ln_city_pop.pdf,/Users/f0018fb/Dropbox/tmp/segdata/out-fixed/comparison/master__bin_dissim_muslim_ln_city_pop.png,master,bin_dissim_muslim_ln_city_pop.pdf,ok
/Users/f0018fb/Dropbox/tmp/segdata/out-fixed/bin_dissim_muslim_ln_city_pop.pdf,/Users/f0018fb/Dropbox/tmp/segdata/out-fixed/comparison/outfixed__bin_dissim_muslim_ln_city_pop.png,out_fixed,bin_dissim_muslim_ln_city_pop.pdf,ok
/Users/f0018fb/iec/output/seg/bin_dissim_sc_ln_city_pop.pdf,/Users/f0018fb/Dropbox/tmp/segdata/out-fixed/comparison/master__bin_dissim_sc_ln_city_pop.png,master,bin_dissim_sc_ln_city_pop.pdf,ok
/Users/f0018fb/Dropbox/tmp/segdata/out-fixed/bin_dissim_sc_ln_city_pop.pdf,/Users/f0018fb/Dropbox/tmp/segdata/out-fixed/comparison/outfixed__bin_dissim_sc_ln_city_pop.png,out_fixed,bin_dissim_sc_ln_city_pop.pdf,ok
/Users/f0018fb/iec/output/seg/bin_dissim_muslim_p25.pdf,/Users/f0018fb/Dropbox/tmp/segdata/out-fixed/comparison/master__bin_dissim_muslim_p25.png,master,bin_dissim_muslim_p25.pdf,ok
/Users/f0018fb/Dropbox/tmp/segdata/out-fixed/bin_dissim_muslim_p25.pdf,/Users/f0018fb/Dropbox/tmp/segdata/out-fixed/comparison/outfixed__bin_dissim_muslim_p25.png,out_fixed,bin_dissim_muslim_p25.pdf,ok
/Users/f0018fb/iec/output/seg/bin_dissim_sc_p25.pdf,/Users/f0018fb/Dropbox/tmp/segdata/out-fixed/comparison/master__bin_dissim_sc_p25.png,master,bin_dissim_sc_p25.pdf,ok
/Users/f0018fb/Dropbox/tmp/segdata/out-fixed/bin_dissim_sc_p25.pdf,/Users/f0018fb/Dropbox/tmp/segdata/out-fixed/comparison/outfixed__bin_dissim_sc_p25.png,out_fixed,bin_dissim_sc_p25.pdf,ok
/Users/f0018fb/iec/output/seg/pe_priv_urban_muslim_primary_all.pdf,/Users/f0018fb/Dropbox/tmp/segdata/out-fixed/comparison/master__pe_priv_urban_muslim_primary_all.png,master,pe_priv_urban_muslim_primary_all.pdf,ok
/Users/f0018fb/Dropbox/tmp/segdata/out-fixed/pe_priv_urban_muslim_primary_all.pdf,/Users/f0018fb/Dropbox/tmp/segdata/out-fixed/comparison/outfixed__pe_priv_urban_muslim_primary_all.png,out_fixed,pe_priv_urban_muslim_primary_all.pdf,ok
/Users/f0018fb/iec/output/seg/pe_priv_rural_muslim_primary_all.pdf,/Users/f0018fb/Dropbox/tmp/segdata/out-fixed/comparison/master__pe_priv_rural_muslim_primary_all.png,master,pe_priv_rural_muslim_primary_all.pdf,ok
/Users/f0018fb/Dropbox/tmp/segdata/out-fixed/pe_priv_rural_muslim_primary_all.pdf,/Users/f0018fb/Dropbox/tmp/segdata/out-fixed/comparison/outfixed__pe_priv_rural_muslim_primary_all.png,out_fixed,pe_priv_rural_muslim_primary_all.pdf,ok
/Users/f0018fb/iec/output/seg/pe_priv_urban_muslim_secondary_all.pdf,/Users/f0018fb/Dropbox/tmp/segdata/out-fixed/comparison/master__pe_priv_urban_muslim_secondary_all.png,master,pe_priv_urban_muslim_secondary_all.pdf,ok
/Users/f0018fb/Dropbox/tmp/segdata/out-fixed/pe_priv_urban_muslim_secondary_all.pdf,/Users/f0018fb/Dropbox/tmp/segdata/out-fixed/comparison/outfixed__pe_priv_urban_muslim_secondary_all.png,out_fixed,pe_priv_urban_muslim_secondary_all.pdf,ok
/Users/f0018fb/iec/output/seg/pe_priv_rural_muslim_secondary_all.pdf,/Users/f0018fb/Dropbox/tmp/segdata/out-fixed/comparison/master__pe_priv_rural_muslim_secondary_all.png,master,pe_priv_rural_muslim_secondary_all.pdf,ok
/Users/f0018fb/Dropbox/tmp/segdata/out-fixed/pe_priv_rural_muslim_secondary_all.pdf,/Users/f0018fb/Dropbox/tmp/segdata/out-fixed/comparison/outfixed__pe_priv_rural_muslim_secondary_all.png,out_fixed,pe_priv_rural_muslim_secondary_all.pdf,ok
/Users/f0018fb/iec/output/seg/pe_priv_urban_muslim_hospital_all.pdf,/Users/f0018fb/Dropbox/tmp/segdata/out-fixed/comparison/master__pe_priv_urban_muslim_hospital_all.png,master,pe_priv_urban_muslim_hospital_all.pdf,ok
/Users/f0018fb/Dropbox/tmp/segdata/out-fixed/pe_priv_urban_muslim_hospital_all.pdf,/Users/f0018fb/Dropbox/tmp/segdata/out-fixed/comparison/outfixed__pe_priv_urban_muslim_hospital_all.png,out_fixed,pe_priv_urban_muslim_hospital_all.pdf,ok
/Users/f0018fb/iec/output/seg/pe_priv_rural_muslim_hospital_all.pdf,/Users/f0018fb/Dropbox/tmp/segdata/out-fixed/comparison/master__pe_priv_rural_muslim_hospital_all.png,master,pe_priv_rural_muslim_hospital_all.pdf,ok
/Users/f0018fb/Dropbox/tmp/segdata/out-fixed/pe_priv_rural_muslim_hospital_all.pdf,/Users/f0018fb/Dropbox/tmp/segdata/out-fixed/comparison/outfixed__pe_priv_rural_muslim_hospital_all.png,out_fixed,pe_priv_rural_muslim_hospital_all.pdf,ok
/Users/f0018fb/iec/output/seg/pe_priv_urban_sc_primary_all.pdf,/Users/f0018fb/Dropbox/tmp/segdata/out-fixed/comparison/master__pe_priv_urban_sc_primary_all.png,master,pe_priv_urban_sc_primary_all.pdf,ok
/Users/f0018fb/Dropbox/tmp/segdata/out-fixed/pe_priv_urban_sc_primary_all.pdf,/Users/f0018fb/Dropbox/tmp/segdata/out-fixed/comparison/outfixed__pe_priv_urban_sc_primary_all.png,out_fixed,pe_priv_urban_sc_primary_all.pdf,ok
/Users/f0018fb/iec/output/seg/pe_priv_rural_sc_primary_all.pdf,/Users/f0018fb/Dropbox/tmp/segdata/out-fixed/comparison/master__pe_priv_rural_sc_primary_all.png,master,pe_priv_rural_sc_primary_all.pdf,ok
/Users/f0018fb/Dropbox/tmp/segdata/out-fixed/pe_priv_rural_sc_primary_all.pdf,/Users/f0018fb/Dropbox/tmp/segdata/out-fixed/comparison/outfixed__pe_priv_rural_sc_primary_all.png,out_fixed,pe_priv_rural_sc_primary_all.pdf,ok
/Users/f0018fb/iec/output/seg/pe_priv_urban_sc_secondary_all.pdf,/Users/f0018fb/Dropbox/tmp/segdata/out-fixed/comparison/master__pe_priv_urban_sc_secondary_all.png,master,pe_priv_urban_sc_secondary_all.pdf,ok
/Users/f0018fb/Dropbox/tmp/segdata/out-fixed/pe_priv_urban_sc_secondary_all.pdf,/Users/f0018fb/Dropbox/tmp/segdata/out-fixed/comparison/outfixed__pe_priv_urban_sc_secondary_all.png,out_fixed,pe_priv_urban_sc_secondary_all.pdf,ok
/Users/f0018fb/iec/output/seg/pe_priv_rural_sc_secondary_all.pdf,/Users/f0018fb/Dropbox/tmp/segdata/out-fixed/comparison/master__pe_priv_rural_sc_secondary_all.png,master,pe_priv_rural_sc_secondary_all.pdf,ok
/Users/f0018fb/Dropbox/tmp/segdata/out-fixed/pe_priv_rural_sc_secondary_all.pdf,/Users/f0018fb/Dropbox/tmp/segdata/out-fixed/comparison/outfixed__pe_priv_rural_sc_secondary_all.png,out_fixed,pe_priv_rural_sc_secondary_all.pdf,ok
/Users/f0018fb/iec/output/seg/pe_priv_urban_sc_hospital_all.pdf,/Users/f0018fb/Dropbox/tmp/segdata/out-fixed/comparison/master__pe_priv_urban_sc_hospital_all.png,master,pe_priv_urban_sc_hospital_all.pdf,ok
/Users/f0018fb/Dropbox/tmp/segdata/out-fixed/pe_priv_urban_sc_hospital_all.pdf,/Users/f0018fb/Dropbox/tmp/segdata/out-fixed/comparison/outfixed__pe_priv_urban_sc_hospital_all.png,out_fixed,pe_priv_urban_sc_hospital_all.pdf,ok
/Users/f0018fb/iec/output/seg/pe_priv_rural_sc_hospital_all.pdf,/Users/f0018fb/Dropbox/tmp/segdata/out-fixed/comparison/master__pe_priv_rural_sc_hospital_all.png,master,pe_priv_rural_sc_hospital_all.pdf,ok
/Users/f0018fb/Dropbox/tmp/segdata/out-fixed/pe_priv_rural_sc_hospital_all.pdf,/Users/f0018fb/Dropbox/tmp/segdata/out-fixed/comparison/outfixed__pe_priv_rural_sc_hospital_all.png,out_fixed,pe_priv_rural_sc_hospital_all.pdf,ok
/Users/f0018fb/iec/output/seg/pg_interaction_coefplot_prim_muslim_share.pdf,/Users/f0018fb/Dropbox/tmp/segdata/out-fixed/comparison/master__pg_interaction_coefplot_prim_muslim_share.png,master,pg_interaction_coefplot_prim_muslim_share.pdf,ok
/Users/f0018fb/Dropbox/tmp/segdata/out-fixed/pg_interaction_coefplot_prim_muslim_share.pdf,/Users/f0018fb/Dropbox/tmp/segdata/out-fixed/comparison/outfixed__pg_interaction_coefplot_prim_muslim_share.png,out_fixed,pg_interaction_coefplot_prim_muslim_share.pdf,ok
/Users/f0018fb/iec/output/seg/pg_interaction_coefplot_prim_sc_share.pdf,/Users/f0018fb/Dropbox/tmp/segdata/out-fixed/comparison/master__pg_interaction_coefplot_prim_sc_share.png,master,pg_interaction_coefplot_prim_sc_share.pdf,ok
/Users/f0018fb/Dropbox/tmp/segdata/out-fixed/pg_interaction_coefplot_prim_sc_share.pdf,/Users/f0018fb/Dropbox/tmp/segdata/out-fixed/comparison/outfixed__pg_interaction_coefplot_prim_sc_share.png,out_fixed,pg_interaction_coefplot_prim_sc_share.pdf,ok
/Users/f0018fb/iec/output/seg/pg_interaction_coefplot_sec_muslim_share.pdf,/Users/f0018fb/Dropbox/tmp/segdata/out-fixed/comparison/master__pg_interaction_coefplot_sec_muslim_share.png,master,pg_interaction_coefplot_sec_muslim_share.pdf,ok
/Users/f0018fb/Dropbox/tmp/segdata/out-fixed/pg_interaction_coefplot_sec_muslim_share.pdf,/Users/f0018fb/Dropbox/tmp/segdata/out-fixed/comparison/outfixed__pg_interaction_coefplot_sec_muslim_share.png,out_fixed,pg_interaction_coefplot_sec_muslim_share.pdf,ok
/Users/f0018fb/iec/output/seg/pg_interaction_coefplot_sec_sc_share.pdf,/Users/f0018fb/Dropbox/tmp/segdata/out-fixed/comparison/master__pg_interaction_coefplot_sec_sc_share.png,master,pg_interaction_coefplot_sec_sc_share.pdf,ok
/Users/f0018fb/Dropbox/tmp/segdata/out-fixed/pg_interaction_coefplot_sec_sc_share.pdf,/Users/f0018fb/Dropbox/tmp/segdata/out-fixed/comparison/outfixed__pg_interaction_coefplot_sec_sc_share.png,out_fixed,pg_interaction_coefplot_sec_sc_share.pdf,ok
/Users/f0018fb/iec/output/seg/pg_interaction_coefplot_hosp_muslim_share.pdf,/Users/f0018fb/Dropbox/tmp/segdata/out-fixed/comparison/master__pg_interaction_coefplot_hosp_muslim_share.png,master,pg_interaction_coefplot_hosp_muslim_share.pdf,ok
/Users/f0018fb/Dropbox/tmp/segdata/out-fixed/pg_interaction_coefplot_hosp_muslim_share.pdf,/Users/f0018fb/Dropbox/tmp/segdata/out-fixed/comparison/outfixed__pg_interaction_coefplot_hosp_muslim_share.png,out_fixed,pg_interaction_coefplot_hosp_muslim_share.pdf,ok
/Users/f0018fb/iec/output/seg/pg_interaction_coefplot_hosp_sc_share.pdf,/Users/f0018fb/Dropbox/tmp/segdata/out-fixed/comparison/master__pg_interaction_coefplot_hosp_sc_share.png,master,pg_interaction_coefplot_hosp_sc_share.pdf,ok
/Users/f0018fb/Dropbox/tmp/segdata/out-fixed/pg_interaction_coefplot_hosp_sc_share.pdf,/Users/f0018fb/Dropbox/tmp/segdata/out-fixed/comparison/outfixed__pg_interaction_coefplot_hosp_sc_share.png,out_fixed,pg_interaction_coefplot_hosp_sc_share.pdf,ok
/Users/f0018fb/iec/output/seg/quartiles_sc_dissim.pdf,/Users/f0018fb/Dropbox/tmp/segdata/out-fixed/comparison/master__quartiles_sc_dissim.png,master,quartiles_sc_dissim.pdf,ok
/Users/f0018fb/Dropbox/tmp/segdata/out-fixed/quartiles_sc_dissim.pdf,/Users/f0018fb/Dropbox/tmp/segdata/out-fixed/comparison/outfixed__quartiles_sc_dissim.png,out_fixed,quartiles_sc_dissim.pdf,ok
/Users/f0018fb/iec/output/seg/quartiles_muslim_dissim.pdf,/Users/f0018fb/Dropbox/tmp/segdata/out-fixed/comparison/master__quartiles_muslim_dissim.png,master,quartiles_muslim_dissim.pdf,ok
/Users/f0018fb/Dropbox/tmp/segdata/out-fixed/quartiles_muslim_dissim.pdf,/Users/f0018fb/Dropbox/tmp/segdata/out-fixed/comparison/outfixed__quartiles_muslim_dissim.png,out_fixed,quartiles_muslim_dissim.pdf,ok
